req_id,statement,phase,code_ref,test_ref,artifact_ref,status,verifier_note
R1,Five chained phases in order (GD; Polynomial; Bias-Variance; Regularization L1/L2/ENet; Logistic),all,src/phases/p1.py..p5.py; nb/p1..p5,tools/build_nb.py structure check,artifacts/p1.json..p5.json,implemented,
R2,Each phase consumes previous phase artifact (hash chain + P1 weights as P2 init),all,src/common.py write_artifact/read_artifact; src/poly.py lift_weights; src/phases/p2.py; p3.py; p4.py; p5.py,tools/chain_check.py; tests/test_gd.py lift test,upstream_sha256 in every artifact; p2.init_loss,implemented,
R3,Each phase: Expectation before run / Outcome after / justification for every open choice,all,nb/p1_gd.py..nb/p5_logistic.py markdown cells,tools/build_nb.py structure check; git history,rush_hour.ipynb,implemented,
R4,Team seed from sorted IDs; single seeded 80/20 split; one chronological split in P3,p0,src/common.py team_seed/seeded_split/chrono_split,tests/test_common.py,p1.seed; p3.cut_date,implemented,
R5,All fits (scaler/encoder/expansion/selection/thresholds) on train only; test only transformed,all,src/features.py Design.fit; src/labels.py; src/predict.py,tools/leak_scan.py; tests/test_features.py; tests/test_labels.py; tests/test_validation.py,p1.scaler; p5.threshold_rule,implemented,
R6,No external data,all,src/common.py load_train/load_test (only data/*.csv),verifier review,config.yaml paths,implemented,
R7,P1 GD from scratch; configurable lr; convergence behavior reported,p1,src/gd.py; src/phases/p1.py,tests/test_gd.py; tools/leak_scan.py L3,p1.lr; p1.iterations; p1.stop_reason; p1.lr_sweep; p1.oracle,implemented,
R8,P2 expansion fitted with own GD initialised from P1 weights; only worthwhile features expanded,p2,src/phases/p2.py; src/poly.py; src/features.py,tests/test_gd.py; tests/test_features.py; tools/chain_check.py,p2.init_loss; p2.degree; p2.degree_sweep; p2.power_col_sweep; p2.block_ablation,implemented,
R9,P3 empirical bias-variance diagnosis + chronological comparison + trust argument + target complexity,p3,src/validation.py; src/phases/p3.py,tests/test_validation.py,p3.ladder; p3.degree_axis; p3.learning_curves; p3.estimates; p3.gaps; p3.diagnosis; p3.target_complexity,implemented,
R10,P4 L1 L2 ENet implemented and compared fairly; lambda/l1_ratio search; per-column verdict with numbers,p4,src/regularization.py; src/phases/p4.py; src/verdicts.py,tests/test_regularization.py; tools/chain_check.py,p4.methods; p4.comparisons; p4.column_verdicts; p4.survivors_expanded; p4.final; p4.recommended,implemented,
R11,P5 derived non-trivial label; logistic on P4 survivors only; acc/F1/AUC on val; retrospective,p5,src/logistic.py; src/labels.py; src/phases/p5.py,tests/test_logistic.py; tests/test_labels.py; tools/chain_check.py,p5.threshold_rule; p5.label_variants; p5.metrics; p5.retrospective,implemented,
R12,Bonus: asymmetric 3x under-prediction loss in GD; gradient derived; prediction shift shown,p1,src/gd_asym.py; src/phases/p1.py,tests/test_gd_asym.py,p1.bonus,implemented,
R13,Metrics: R2+RMSE on val for P1-P4; acc/F1/AUC for P5,all,src/common.py r2/rmse; src/logistic.py metrics,tests/test_common.py; tests/test_logistic.py,p1.val_r2; p2.val_r2; p3.estimates; p4.methods; p5.metrics,implemented,
R14,Submission CSV from recommended regression model; instant order equals test.csv,p6,src/predict.py,tools/submission_check.py,sample_submission.csv; p6.model,implemented,
R15,Notebook top-to-bottom; report <= 6 pages; every member can explain and re-run,p6,nb/*.py; tools/build_nb.py; report/build_pdf.py; docs/WALKTHROUGH.md,run.py nb; tools/number_trace.py check,rush_hour.ipynb; report/report.pdf,implemented,
